﻿<?xml version="1.0" encoding="UTF-8" standalone="yes"?>
<addon id="repository.FlixTV" name="Demonstration repository" version="0.0.2" provider-name="Alan Martins">
	<extension point="xbmc.addon.repository" name="FlixTV Add-on Repository">
		<info compressed="false">http://raw.github.com/K36Pro/FlixTV-repo/master/addons.xml</info>
		<checksum>http://raw.github.com/K36Pro/FlixTV-repo/master/addons.xml.md5</checksum>
		<datadir zip="true">http://raw.github.com/K36Pro/FlixTV-repo/master/repo/</datadir>
	</extension>
	<extension point="xbmc.addon.metadata">
		<summary>FlixTV Addon</summary>
		<description>Addon Description</description>
		<disclaimer></disclaimer>
		<platform>all</platform>
	</extension>
</addon>